Floor,ExploredPct,SecondsOnFloor,DamageTaken,EffectiveHeals,Outcome
1,2.7,0.0,0.0,0,Exit
2,21.4,21.9,0.0,0,Exit
3,2.9,0.2,0.0,0,Exit
4,2.6,0.1,0.0,0,Exit
5,3.0,0.1,0.0,0,Exit
6,2.9,0.1,0.0,0,Exit
7,2.3,0.1,0.0,0,Exit
8,3.1,0.1,0.0,0,Exit
9,1.9,0.2,0.0,0,Exit
10,3.3,0.3,0.0,0,Exit
11,2.7,0.3,0.0,0,Exit
1,2.8,0.0,0.0,0,Exit
2,4.2,1.3,0.0,0,Exit
3,3.7,0.3,0.0,0,Exit
1,2.9,0.0,0.0,0,Exit
1,2.7,0.0,0.0,0,Exit
1,2.7,0.0,0.0,0,Exit
1,3.3,0.0,0.0,0,Exit
1,3.5,0.0,0.0,0,Exit
1,2.9,0.0,0.0,0,Exit
1,3.1,0.0,0.0,0,Exit
1,3.3,0.0,0.0,0,Exit
1,3.0,0.0,0.0,0,Exit
1,2.9,0.0,0.0,0,Exit
2,2.9,1.1,0.0,0,Exit
1,3.0,0.0,0.0,0,Exit
2,3.2,0.0,0.0,0,Exit
3,3.5,0.0,0.0,0,Exit
4,2.8,0.0,0.0,0,Exit
5,2.8,0.0,0.0,0,Exit
6,3.4,0.0,0.0,0,Exit
7,2.5,0.0,0.0,0,Exit
8,2.4,0.0,0.0,0,Exit
9,2.7,0.0,0.0,0,Exit
10,2.3,0.0,0.0,0,Exit
11,3.1,0.0,0.0,0,Exit
12,3.1,0.0,0.0,0,Exit
13,2.8,0.0,0.0,0,Exit
14,2.8,0.0,0.0,0,Exit
15,2.3,0.0,0.0,0,Exit
16,1.8,0.0,0.0,0,Exit
17,2.4,0.0,0.0,0,Exit
18,2.0,0.0,0.0,0,Exit
19,2.7,0.0,0.0,0,Exit
20,2.6,0.0,0.0,0,Exit
21,1.9,0.0,0.0,0,Exit
22,2.1,0.0,0.0,0,Exit
23,2.9,0.0,0.0,0,Exit
24,3.1,0.0,0.0,0,Exit
25,2.1,0.0,0.0,0,Exit
26,2.2,0.0,0.0,0,Exit
27,2.1,0.0,0.0,0,Exit
28,2.4,0.0,0.0,0,Exit
29,2.3,0.0,0.0,0,Exit
30,2.2,0.0,0.0,0,Exit
31,2.2,0.0,0.0,0,Exit
32,2.3,0.0,0.0,0,Exit
33,2.8,0.0,0.0,0,Exit
34,1.5,0.0,0.0,0,Exit
35,1.9,0.0,0.0,0,Exit
36,1.8,0.0,0.0,0,Exit
37,2.4,0.0,0.0,0,Exit
38,2.3,0.0,0.0,0,Exit
39,2.2,0.0,0.0,0,Exit
40,1.9,0.0,0.0,0,Exit
41,2.1,0.0,0.0,0,Exit
42,2.1,0.0,0.0,0,Exit
43,2.4,0.0,0.0,0,Exit
44,2.2,0.0,0.0,0,Exit
45,1.8,0.0,0.0,0,Exit
46,2.0,0.0,0.0,0,Exit
47,2.6,0.0,0.0,0,Exit
48,2.3,0.0,0.0,0,Exit
49,2.4,0.0,0.0,0,Exit
50,2.2,0.0,0.0,0,Exit
51,2.7,0.0,0.0,0,Exit
52,2.2,0.0,0.0,0,Exit
53,2.0,0.0,0.0,0,Exit
54,2.1,0.0,0.0,0,Exit
55,2.8,0.0,0.0,0,Exit
56,2.6,0.0,0.0,0,Exit
57,2.1,0.0,0.0,0,Exit
58,2.8,0.0,0.0,0,Exit
59,2.0,0.0,0.0,0,Exit
60,1.9,0.0,0.0,0,Exit
61,1.6,0.0,0.0,0,Exit
62,2.4,0.0,0.0,0,Exit
63,2.4,0.0,0.0,0,Exit
64,2.5,0.0,0.0,0,Exit
65,2.3,0.0,0.0,0,Exit
66,2.0,0.0,0.0,0,Exit
67,2.6,0.0,0.0,0,Exit
68,1.7,0.0,0.0,0,Exit
69,2.5,0.0,0.0,0,Exit
70,1.9,0.0,0.0,0,Exit
71,2.1,0.0,0.0,0,Exit
72,2.0,0.0,0.0,0,Exit
73,2.2,0.0,0.0,0,Exit
74,2.7,0.0,0.0,0,Exit
75,2.3,0.0,0.0,0,Exit
76,1.7,0.0,0.0,0,Exit
77,1.8,0.0,0.0,0,Exit
78,2.9,0.0,0.0,0,Exit
79,2.3,0.0,0.0,0,Exit
80,2.7,0.0,0.0,0,Exit
81,1.9,0.0,0.0,0,Exit
82,2.7,0.0,0.0,0,Exit
83,2.2,0.0,0.0,0,Exit
84,2.4,0.0,0.0,0,Exit
85,1.7,0.0,0.0,0,Exit
86,2.0,0.0,0.0,0,Exit
87,2.7,0.0,0.0,0,Exit
88,2.0,0.0,0.0,0,Exit
89,2.0,0.0,0.0,0,Exit
90,2.1,0.0,0.0,0,Exit
91,2.5,0.0,0.0,0,Exit
92,1.7,0.0,0.0,0,Exit
93,2.4,0.0,0.0,0,Exit
94,1.9,0.0,0.0,0,Exit
95,2.3,0.0,0.0,0,Exit
96,1.7,0.0,0.0,0,Exit
97,2.6,0.0,0.0,0,Exit
98,2.0,0.0,0.0,0,Exit
99,2.4,0.0,0.0,0,Exit
1,3.0,0.0,0.0,0,Exit
1,2.7,0.0,0.0,0,Exit
1,3.3,0.0,0.0,0,Exit
1,2.8,0.0,0.0,0,Exit
1,2.7,0.0,0.0,0,Exit
1,3.0,0.0,0.0,0,Exit
1,3.2,0.0,0.0,0,Exit
1,3.2,0.0,0.0,0,Exit
1,3.0,0.0,0.0,0,Exit
1,3.0,0.0,0.0,0,Exit
1,3.1,0.0,0.0,0,Exit
1,2.8,0.0,0.0,0,Exit
1,3.1,0.0,0.0,0,Exit
1,2.9,0.0,0.0,0,Exit
2,18.1,87.3,0.0,0,Exit
3,3.4,1.1,0.0,0,Exit
4,4.1,1.0,0.0,0,Exit
5,12.1,9.5,5.0,0,Exit
6,4.4,0.9,0.0,0,Exit
7,4.8,0.8,0.0,0,Exit
8,2.7,1.4,0.0,0,Exit
1,2.7,0.0,0.0,0,Exit
2,5.4,3.7,0.0,0,Exit
3,3.5,0.8,0.0,0,Exit
4,3.0,0.8,0.0,0,Exit
5,2.3,1.1,0.0,0,Exit
6,3.3,1.1,0.0,0,Exit
7,4.0,0.8,0.0,0,Exit
8,6.5,2.5,0.0,0,Exit
9,3.9,1.0,0.0,0,Exit
10,4.3,1.7,0.0,0,Exit
11,4.2,0.7,0.0,0,Exit
12,3.5,1.2,0.0,0,Exit
13,2.3,0.9,0.0,0,Exit
14,3.0,1.0,0.0,0,Exit
15,2.5,1.0,0.0,0,Exit
16,2.8,1.0,0.0,0,Exit
17,4.6,1.7,0.0,0,Exit
18,2.4,1.1,0.0,0,Exit
19,2.3,0.8,0.0,0,Exit
20,3.3,1.0,0.0,0,Exit
21,3.4,8.1,0.0,0,Exit
22,14.9,36.3,80.0,0,Exit
23,2.2,0.9,0.0,0,Exit
24,2.0,0.4,0.0,0,Exit
25,2.4,0.8,0.0,0,Exit
26,2.2,0.7,0.0,0,Exit
27,1.8,0.8,0.0,0,Exit
28,1.9,0.8,0.0,0,Exit
1,3.4,0.0,0.0,0,Exit
2,4.7,5.9,0.0,0,Exit
3,4.2,1.3,0.0,0,Exit
1,3.2,0.0,0.0,0,Exit
1,2.7,0.0,0.0,0,Exit
1,2.9,0.0,0.0,0,Exit
1,3.5,0.0,0.0,0,Exit
1,2.9,0.0,0.0,0,Exit
1,3.0,0.0,0.0,0,Exit
1,2.7,0.0,0.0,0,Exit
1,3.4,0.0,0.0,0,Exit
1,3.2,0.0,0.0,0,Exit
1,2.7,0.0,0.0,0,Exit
1,3.1,0.0,0.0,0,Exit
1,2.9,0.0,0.0,0,Exit
1,3.0,0.0,0.0,0,Exit
1,3.3,0.0,0.0,0,Exit
1,3.0,0.0,0.0,0,Exit
1,2.9,0.0,0.0,0,Exit
1,3.1,0.0,0.0,0,Exit
1,3.2,0.0,0.0,0,Exit
1,3.0,0.0,0.0,0,Exit
1,3.4,0.0,0.0,0,Exit
1,2.9,0.0,0.0,0,Exit
1,3.3,0.0,0.0,0,Exit
1,3.0,0.0,0.0,0,Exit
1,3.1,0.0,0.0,0,Exit
1,3.2,0.0,0.0,0,Exit
1,2.9,0.0,0.0,0,Exit
1,3.3,0.0,0.0,0,Exit
1,3.1,0.0,0.0,0,Exit
1,3.2,0.0,0.0,0,Exit
1,3.6,0.0,0.0,0,Exit
1,2.6,0.0,0.0,0,Exit
1,3.0,0.0,0.0,0,Exit
2,2.9,0.0,0.0,0,Exit
3,3.1,0.0,0.0,0,Exit
4,2.9,0.0,0.0,0,Exit
5,3.1,0.0,0.0,0,Exit
6,2.8,0.0,0.0,0,Exit
7,3.0,0.0,0.0,0,Exit
8,2.5,0.0,0.0,0,Exit
9,2.9,0.0,0.0,0,Exit
10,2.7,0.0,0.0,0,Exit
11,2.9,0.0,0.0,0,Exit
12,2.0,0.0,0.0,0,Exit
13,1.8,0.0,0.0,0,Exit
14,2.6,0.0,0.0,0,Exit
15,1.8,0.0,0.0,0,Exit
16,1.9,0.0,0.0,0,Exit
17,2.4,0.0,0.0,0,Exit
18,2.7,0.0,0.0,0,Exit
19,1.4,0.0,0.0,0,Exit
20,1.7,0.0,0.0,0,Exit
21,2.3,0.0,0.0,0,Exit
22,1.8,0.0,0.0,0,Exit
23,2.8,0.0,0.0,0,Exit
24,1.7,0.0,0.0,0,Exit
25,2.6,0.0,0.0,0,Exit
26,2.2,0.0,0.0,0,Exit
27,2.3,0.0,0.0,0,Exit
28,2.3,0.0,0.0,0,Exit
29,1.9,0.0,0.0,0,Exit
30,2.1,0.0,0.0,0,Exit
31,1.5,0.0,0.0,0,Exit
32,2.3,0.0,0.0,0,Exit
33,2.8,0.0,0.0,0,Exit
34,2.1,0.0,0.0,0,Exit
35,2.1,0.0,0.0,0,Exit
36,2.0,0.0,0.0,0,Exit
37,2.3,0.0,0.0,0,Exit
38,2.1,0.0,0.0,0,Exit
39,2.3,0.0,0.0,0,Exit
40,1.6,0.0,0.0,0,Exit
41,2.4,0.0,0.0,0,Exit
42,2.2,0.0,0.0,0,Exit
43,2.3,0.0,0.0,0,Exit
44,2.8,0.0,0.0,0,Exit
45,2.2,0.0,0.0,0,Exit
46,2.2,0.0,0.0,0,Exit
47,2.1,0.0,0.0,0,Exit
48,2.9,0.0,0.0,0,Exit
49,2.5,0.0,0.0,0,Exit
50,2.5,0.0,0.0,0,Exit
51,1.5,0.0,0.0,0,Exit
52,2.1,0.0,0.0,0,Exit
53,2.5,0.0,0.0,0,Exit
54,2.0,0.0,0.0,0,Exit
55,2.4,0.0,0.0,0,Exit
56,2.0,0.0,0.0,0,Exit
57,2.5,0.0,0.0,0,Exit
58,2.3,0.0,0.0,0,Exit
59,2.3,0.0,0.0,0,Exit
60,2.3,0.0,0.0,0,Exit
61,2.3,0.0,0.0,0,Exit
62,2.7,0.0,0.0,0,Exit
63,1.9,0.0,0.0,0,Exit
64,1.9,0.0,0.0,0,Exit
65,1.4,0.0,0.0,0,Exit
66,2.5,0.0,0.0,0,Exit
67,2.6,0.0,0.0,0,Exit
67,2.3,0.0,0.0,0,Exit
68,2.4,0.0,0.0,0,Exit
69,1.8,0.0,0.0,0,Exit
70,2.7,0.0,0.0,0,Exit
71,2.2,0.0,0.0,0,Exit
72,2.7,0.0,0.0,0,Exit
73,2.6,0.0,0.0,0,Exit
74,2.4,0.0,0.0,0,Exit
75,1.7,0.0,0.0,0,Exit
76,1.9,0.0,0.0,0,Exit
77,2.5,0.0,0.0,0,Exit
78,2.8,0.0,0.0,0,Exit
79,2.1,0.0,0.0,0,Exit
80,2.2,0.0,0.0,0,Exit
81,2.2,0.0,0.0,0,Exit
82,2.6,0.0,0.0,0,Exit
83,2.0,0.0,0.0,0,Exit
84,2.7,0.0,0.0,0,Exit
85,2.1,0.0,0.0,0,Exit
86,2.5,0.0,0.0,0,Exit
87,1.8,0.0,0.0,0,Exit
88,1.9,0.0,0.0,0,Exit
89,2.6,0.0,0.0,0,Exit
90,2.3,0.0,0.0,0,Exit
91,1.7,0.0,0.0,0,Exit
92,2.8,0.0,0.0,0,Exit
93,2.0,0.0,0.0,0,Exit
94,1.9,0.0,0.0,0,Exit
95,2.1,0.0,0.0,0,Exit
96,1.9,0.0,0.0,0,Exit
97,2.1,0.0,0.0,0,Exit
98,1.5,0.0,0.0,0,Exit
99,2.1,0.0,0.0,0,Exit
1,3.1,0.0,0.0,0,Exit
2,15.2,9.6,0.0,0,Exit
1,3.1,0.0,0.0,0,Exit
2,3.0,0.0,0.0,0,Exit
3,3.0,0.0,0.0,0,Exit
4,3.2,0.0,0.0,0,Exit
5,3.1,0.0,0.0,0,Exit
6,2.9,0.0,0.0,0,Exit
7,2.3,0.0,0.0,0,Exit
8,2.6,0.0,0.0,0,Exit
9,2.7,0.0,0.0,0,Exit
10,3.2,0.0,0.0,0,Exit
11,2.8,0.0,0.0,0,Exit
12,2.8,0.0,0.0,0,Exit
13,2.1,0.0,0.0,0,Exit
14,2.9,0.0,0.0,0,Exit
15,1.7,0.0,0.0,0,Exit
16,2.0,0.0,0.0,0,Exit
17,3.0,0.0,0.0,0,Exit
18,2.2,0.0,0.0,0,Exit
19,2.5,0.0,0.0,0,Exit
20,2.8,0.0,0.0,0,Exit
21,1.9,0.0,0.0,0,Exit
22,2.2,0.0,0.0,0,Exit
23,2.8,0.0,0.0,0,Exit
24,1.9,0.0,0.0,0,Exit
25,2.3,0.0,0.0,0,Exit
26,2.3,0.0,0.0,0,Exit
27,2.1,0.0,0.0,0,Exit
28,2.6,0.0,0.0,0,Exit
29,1.9,0.0,0.0,0,Exit
30,1.8,0.0,0.0,0,Exit
31,2.1,0.0,0.0,0,Exit
32,2.1,0.0,0.0,0,Exit
33,2.3,0.0,0.0,0,Exit
34,2.2,0.0,0.0,0,Exit
35,2.1,0.0,0.0,0,Exit
36,2.6,0.0,0.0,0,Exit
37,1.7,0.0,0.0,0,Exit
38,2.3,0.0,0.0,0,Exit
39,2.0,0.0,0.0,0,Exit
40,2.4,0.0,0.0,0,Exit
41,2.5,0.0,0.0,0,Exit
42,2.1,0.0,0.0,0,Exit
43,2.4,0.0,0.0,0,Exit
44,2.3,0.0,0.0,0,Exit
45,1.9,0.0,0.0,0,Exit
46,2.3,0.0,0.0,0,Exit
47,2.0,0.0,0.0,0,Exit
48,2.8,0.0,0.0,0,Exit
49,2.2,0.0,0.0,0,Exit
50,2.9,0.0,0.0,0,Exit
51,2.0,0.0,0.0,0,Exit
52,1.8,0.0,0.0,0,Exit
53,2.1,0.0,0.0,0,Exit
54,2.6,0.0,0.0,0,Exit
55,2.1,0.0,0.0,0,Exit
56,2.2,0.0,0.0,0,Exit
57,3.0,0.0,0.0,0,Exit
58,2.5,0.0,0.0,0,Exit
59,2.4,0.0,0.0,0,Exit
60,2.1,0.0,0.0,0,Exit
61,1.4,0.0,0.0,0,Exit
62,1.7,0.0,0.0,0,Exit
63,1.4,0.0,0.0,0,Exit
64,2.3,0.0,0.0,0,Exit
65,2.3,0.0,0.0,0,Exit
66,2.2,0.0,0.0,0,Exit
67,2.8,0.0,0.0,0,Exit
68,2.1,0.0,0.0,0,Exit
69,2.4,0.0,0.0,0,Exit
70,2.6,0.0,0.0,0,Exit
71,2.2,0.0,0.0,0,Exit
72,1.9,0.0,0.0,0,Exit
73,2.0,0.0,0.0,0,Exit
74,1.9,0.0,0.0,0,Exit
75,1.7,0.0,0.0,0,Exit
76,2.2,0.0,0.0,0,Exit
77,2.1,0.0,0.0,0,Exit
78,2.6,0.0,0.0,0,Exit
79,2.8,0.0,0.0,0,Exit
80,1.6,0.0,0.0,0,Exit
81,2.4,0.0,0.0,0,Exit
82,1.8,0.0,0.0,0,Exit
83,1.6,0.0,0.0,0,Exit
84,2.5,0.0,0.0,0,Exit
85,2.2,0.0,0.0,0,Exit
86,2.9,0.0,0.0,0,Exit
87,2.0,0.0,0.0,0,Exit
88,2.4,0.0,0.0,0,Exit
89,2.1,0.0,0.0,0,Exit
90,2.3,0.0,0.0,0,Exit
91,2.1,0.0,0.0,0,Exit
92,1.9,0.0,0.0,0,Exit
93,1.6,0.0,0.0,0,Exit
94,2.5,0.0,0.0,0,Exit
95,2.8,0.0,0.0,0,Exit
96,2.4,0.0,0.0,0,Exit
97,2.6,0.0,0.0,0,Exit
98,2.4,0.0,0.0,0,Exit
99,1.9,0.0,0.0,0,Exit
1,3.2,0.0,0.0,0,Exit
1,2.6,0.0,0.0,0,Exit
2,34.5,34.8,0.0,0,Exit
3,21.6,13.4,0.0,0,Exit
2,60.2,40.3,0.0,0,Exit
1,2.6,0.0,0.0,0,Exit
2,9.6,13.1,0.0,0,Exit
1,2.9,0.0,0.0,0,Exit
2,3.1,1.2,0.0,0,Exit
3,2.9,0.2,0.0,0,Exit
4,2.9,0.1,0.0,0,Exit
5,2.6,0.1,0.0,0,Exit
6,3.2,1.1,0.0,0,Exit
7,3.1,0.2,0.0,0,Exit
8,3.3,0.1,0.0,0,Exit
9,15.4,23.1,100.0,0,Death
1,3.2,0.0,0.0,0,Exit
1,2.9,0.0,0.0,0,Exit
2,13.6,13.0,0.0,0,Exit
3,2.8,0.2,0.0,0,Exit
4,3.3,1.0,0.0,0,Exit
5,3.5,0.2,0.0,0,Exit
6,3.0,0.2,0.0,0,Exit
7,3.0,0.3,0.0,0,Exit
8,2.6,0.2,0.0,0,Exit
9,2.5,0.2,0.0,0,Exit
10,2.6,0.2,0.0,0,Exit
11,3.1,0.2,0.0,0,Exit
1,3.2,0.0,0.0,0,Exit
2,3.0,0.5,0.0,0,Exit
3,2.6,0.1,0.0,0,Exit
4,3.4,0.1,0.0,0,Exit
5,3.2,0.1,0.0,0,Exit
6,3.4,0.1,0.0,0,Exit
7,2.8,0.1,0.0,0,Exit
8,3.2,0.1,0.0,0,Exit
9,3.3,0.1,0.0,0,Exit
10,3.0,0.1,0.0,0,Exit
11,2.7,0.1,0.0,0,Exit
12,2.7,0.1,0.0,0,Exit
13,2.2,0.1,0.0,0,Exit
14,2.3,0.1,0.0,0,Exit
15,3.2,0.1,0.0,0,Exit
1,2.6,0.0,0.0,0,Exit
2,3.2,0.1,0.0,0,Exit
3,3.6,0.1,0.0,0,Exit
4,2.9,0.1,0.0,0,Exit
5,2.9,0.1,0.0,0,Exit
6,2.6,0.1,0.0,0,Exit
7,3.1,0.1,0.0,0,Exit
8,2.9,0.1,0.0,0,Exit
9,2.9,0.1,0.0,0,Exit
10,2.5,0.2,0.0,0,Exit
